,E_price,Text,Psol,Pelec,Ppeop,Pven,Pint
2020-03-01 00:00:00,0.1833,277.95,0.0,1248,960,-3129.6,-921.6
2020-03-01 01:00:00,0.1833,277.65,0.0,1248,960,-3196.8,-988.8
2020-03-01 02:00:00,0.1833,277.35,0.0,1248,960,-3254.4,-1046.4
2020-03-01 03:00:00,0.1833,277.05,0.0,1248,960,-3321.6,-1113.6
2020-03-01 04:00:00,0.1833,276.75,0.0,1248,960,-3379.2,-1171.2
2020-03-01 05:00:00,0.1833,276.45,0.0,1248,960,-3446.4,-1238.4
2020-03-01 06:00:00,0.1833,276.05,0.0,1728,960,-3513.6,-825.6
2020-03-01 07:00:00,0.1833,275.75,0.0,2208,960,-3590.4,-422.4
2020-03-01 08:00:00,0.1833,275.85,27.8,1248,960,-3657.6,-1449.6
2020-03-01 09:00:00,0.1833,276.15,445.2,480,960,-3638.4,-2198.4
2020-03-01 10:00:00,0.1833,276.55,1057.3,480,960,-3571.2,-2131.2
2020-03-01 11:00:00,0.1833,277.45,2838.1,1440,960,-3484.8,-1084.8
2020-03-01 12:00:00,0.1833,278.75,5933.1,2400,960,-3302.4,57.5999999999999
2020-03-01 13:00:00,0.1833,279.35,4738.8,1440,960,-3024.0,-624.0
2020-03-01 14:00:00,0.1833,279.75,4114.1,480,960,-2899.2,-1459.2
2020-03-01 15:00:00,0.1833,279.65,2253.8,480,960,-2812.8,-1372.8
2020-03-01 16:00:00,0.1833,279.05,528.7,1440,960,-2832.0,-432.0
2020-03-01 17:00:00,0.1833,278.55,0.0,2784,960,-2966.4,777.6
2020-03-01 18:00:00,0.1833,278.25,0.0,2112,960,-3072.0,0.0
2020-03-01 19:00:00,0.1833,277.95,0.0,1728,960,-3129.6,-441.6
2020-03-01 20:00:00,0.1833,277.75,0.0,960,960,-3196.8,-1276.8
2020-03-01 21:00:00,0.1833,277.45,0.0,1248,960,-3235.2,-1027.2
2020-03-01 22:00:00,0.1833,277.15,0.0,1248,960,-3302.4,-1094.4
2020-03-01 23:00:00,0.1833,276.95,0.0,1248,960,-3360.0,-1152.0
2020-03-02 00:00:00,0.1833,276.55,0.0,1248,960,-3408.0,-1200.0
2020-03-02 01:00:00,0.1833,276.25,0.0,1248,960,-3484.8,-1276.8
2020-03-02 02:00:00,0.1833,275.95,0.0,1248,960,-3552.0,-1344.0
2020-03-02 03:00:00,0.1833,275.65,0.0,1248,960,-3609.6,-1401.6
2020-03-02 04:00:00,0.1833,275.35,0.0,1248,960,-3676.8,-1468.8
2020-03-02 05:00:00,0.1833,275.05,0.0,1248,960,-3744.0,-1536.0
2020-03-02 06:00:00,0.3666,274.65,0.0,1728,960,-3801.6,-1113.6
2020-03-02 07:00:00,0.3666,274.35,0.0,2208,960,-3888.0,-720.0
2020-03-02 08:00:00,0.3666,274.75,250.4,1248,960,-3945.6,-1737.6
2020-03-02 09:00:00,0.3666,275.15,667.8,480,960,-3868.8,-2428.8
2020-03-02 10:00:00,0.3666,275.05,250.4,480,960,-3782.4,-2342.4
2020-03-02 11:00:00,0.3666,276.45,4353.3,1440,960,-3801.6,-1401.6
2020-03-02 12:00:00,0.3666,277.35,4249.3,2400,960,-3513.6,-153.6
2020-03-02 13:00:00,0.3666,278.45,6665.3,1440,960,-3321.6,-921.6
2020-03-02 14:00:00,0.3666,278.65,3589.4,480,960,-3091.2,-1651.2
2020-03-02 15:00:00,0.3666,278.55,2309.4,480,960,-3043.2,-1603.2
2020-03-02 16:00:00,0.3666,278.15,1307.8,1440,960,-3072.0,-672.0
2020-03-02 17:00:00,0.3666,277.55,194.8,2784,960,-3148.8,595.2
2020-03-02 18:00:00,0.3666,277.25,0.0,2112,960,-3273.6,-201.6
2020-03-02 19:00:00,0.3666,276.85,0.0,1728,960,-3340.8,-652.8
2020-03-02 20:00:00,0.3666,276.45,0.0,960,960,-3427.2,-1507.2
2020-03-02 21:00:00,0.3666,276.15,0.0,1248,960,-3513.6,-1305.6
2020-03-02 22:00:00,0.1833,275.75,0.0,1248,960,-3571.2,-1363.2
2020-03-02 23:00:00,0.1833,275.35,0.0,1248,960,-3657.6,-1449.6
2020-03-03 00:00:00,0.1833,274.95,0.0,1248,960,-3744.0,-1536.0
2020-03-03 01:00:00,0.1833,274.55,0.0,1248,960,-3820.8,-1612.8
2020-03-03 02:00:00,0.1833,274.15,0.0,1248,960,-3907.2,-1699.2
2020-03-03 03:00:00,0.1833,273.75,0.0,1248,960,-3993.6,-1785.6
2020-03-03 04:00:00,0.1833,273.25,0.0,1248,960,-4080.0,-1872.0
2020-03-03 05:00:00,0.1833,272.85,0.0,1248,960,-4185.6,-1977.6
2020-03-03 06:00:00,0.3666,272.45,0.0,1728,960,-4262.4,-1574.4
2020-03-03 07:00:00,0.3666,272.05,0.0,2208,960,-4348.8,-1180.8
2020-03-03 08:00:00,0.3666,272.45,250.4,1248,960,-4435.2,-2227.2
2020-03-03 09:00:00,0.3666,273.65,1808.6,480,960,-4348.8,-2908.8
2020-03-03 10:00:00,0.3666,273.75,1057.3,480,960,-4099.2,-2659.2
2020-03-03 11:00:00,0.3666,274.85,3867.6,1440,960,-4080.0,-1680.0
2020-03-03 12:00:00,0.3666,275.95,5540.3,2400,960,-3849.6,-489.6
2020-03-03 13:00:00,0.3666,276.95,6781.4,1440,960,-3609.6,-1209.6
2020-03-03 14:00:00,0.3666,277.05,3394.6,480,960,-3408.0,-1968.0
2020-03-03 15:00:00,0.3666,276.75,2392.9,480,960,-3379.2,-1939.2
2020-03-03 16:00:00,0.3666,276.75,4701.3,1440,960,-3446.4,-1046.4
2020-03-03 17:00:00,0.3666,276.05,278.2,2784,960,-3446.4,297.6
2020-03-03 18:00:00,0.3666,275.35,0.0,2112,960,-3590.4,-518.4
2020-03-03 19:00:00,0.3666,274.75,0.0,1728,960,-3744.0,-1056.0
2020-03-03 20:00:00,0.3666,274.15,0.0,960,960,-3868.8,-1948.8
2020-03-03 21:00:00,0.3666,273.45,0.0,1248,960,-3993.6,-1785.6
2020-03-03 22:00:00,0.1833,272.85,0.0,1248,960,-4137.6,-1929.6
2020-03-03 23:00:00,0.1833,272.25,0.0,1248,960,-4262.4,-2054.4
2020-03-04 00:00:00,0.1833,271.45,0.0,1248,960,-4387.2,-2179.2
2020-03-04 01:00:00,0.1833,270.55,0.0,1248,960,-4560.0,-2352.0
2020-03-04 02:00:00,0.1833,269.75,0.0,1248,960,-4752.0,-2544.0
2020-03-04 03:00:00,0.1833,268.85,0.0,1248,960,-4915.2,-2707.2
2020-03-04 04:00:00,0.1833,268.05,0.0,1248,960,-5107.2,-2899.2
2020-03-04 05:00:00,0.1833,267.15,0.0,1248,960,-5270.4,-3062.4
2020-03-04 06:00:00,0.3666,266.35,0.0,1728,960,-5462.4,-2774.4
2020-03-04 07:00:00,0.3666,265.45,0.0,2208,960,-5635.2,-2467.2
2020-03-04 08:00:00,0.3666,265.95,361.7,1248,960,-5817.6,-3609.6
2020-03-04 09:00:00,0.3666,268.05,2532.0,480,960,-5712.0,-4272.0
2020-03-04 10:00:00,0.3666,270.25,12294.2,480,960,-5270.4,-3830.4
2020-03-04 11:00:00,0.3666,271.35,8420.9,1440,960,-4809.6,-2409.6
2020-03-04 12:00:00,0.3666,272.15,9474.8,2400,960,-4579.2,-1219.2
2020-03-04 13:00:00,0.3666,272.25,5966.4,1440,960,-4416.0,-2016.0
2020-03-04 14:00:00,0.3666,272.35,7086.4,480,960,-4387.2,-2947.2
2020-03-04 15:00:00,0.3666,271.65,2810.3,480,960,-4368.0,-2928.0
2020-03-04 16:00:00,0.3666,270.75,1641.6,1440,960,-4521.6,-2121.6
2020-03-04 17:00:00,0.3666,269.65,166.9,2784,960,-4704.0,-960.0
2020-03-04 18:00:00,0.3666,269.55,0.0,2112,960,-4934.4,-1862.4
2020-03-04 19:00:00,0.3666,269.45,0.0,1728,960,-4963.2,-2275.2
2020-03-04 20:00:00,0.3666,269.45,0.0,960,960,-4982.4,-3062.4
2020-03-04 21:00:00,0.3666,269.35,0.0,1248,960,-4982.4,-2774.4
2020-03-04 22:00:00,0.1833,269.25,0.0,1248,960,-5001.6,-2793.6
2020-03-04 23:00:00,0.1833,269.15,0.0,1248,960,-5020.8,-2812.8
2020-03-05 00:00:00,0.1833,269.35,0.0,1248,960,-5040.0,-2832.0
2020-03-05 01:00:00,0.1833,269.45,0.0,1248,960,-5001.6,-2793.6
2020-03-05 02:00:00,0.1833,269.65,0.0,1248,960,-4982.4,-2774.4
2020-03-05 03:00:00,0.1833,269.85,0.0,1248,960,-4934.4,-2726.4
2020-03-05 04:00:00,0.1833,270.05,0.0,1248,960,-4896.0,-2688.0
2020-03-05 05:00:00,0.1833,270.25,0.0,1248,960,-4857.6,-2649.6
2020-03-05 06:00:00,0.3666,270.45,0.0,1728,960,-4809.6,-2121.6
2020-03-05 07:00:00,0.3666,270.65,0.0,2208,960,-4771.2,-1603.2
2020-03-05 08:00:00,0.3666,271.25,361.7,1248,960,-4723.2,-2515.2
2020-03-05 09:00:00,0.3666,272.65,2059.0,480,960,-4598.4,-3158.4
2020-03-05 10:00:00,0.3666,273.55,2838.1,480,960,-4310.4,-2870.4
2020-03-05 11:00:00,0.3666,274.65,4726.8,1440,960,-4118.4,-1718.4
2020-03-05 12:00:00,0.3666,274.95,3255.5,2400,960,-3888.0,-528.0
2020-03-05 13:00:00,0.3666,275.25,3283.3,1440,960,-3820.8,-1420.8
2020-03-05 14:00:00,0.3666,275.75,5679.9,480,960,-3763.2,-2323.2
2020-03-05 15:00:00,0.3666,275.75,2810.3,480,960,-3657.6,-2217.6
2020-03-05 16:00:00,0.3666,275.45,1913.2,1440,960,-3657.6,-1257.6
2020-03-05 17:00:00,0.3666,274.85,333.9,2784,960,-3715.2,28.7999999999997
2020-03-05 18:00:00,0.3666,274.35,0.0,2112,960,-3849.6,-777.6
2020-03-05 19:00:00,0.3666,273.75,0.0,1728,960,-3945.6,-1257.6
2020-03-05 20:00:00,0.3666,273.25,0.0,960,960,-4080.0,-2160.0
2020-03-05 21:00:00,0.3666,272.75,0.0,1248,960,-4185.6,-1977.6
2020-03-05 22:00:00,0.1833,272.25,0.0,1248,960,-4281.6,-2073.6
2020-03-05 23:00:00,0.1833,271.75,0.0,1248,960,-4387.2,-2179.2
2020-03-06 00:00:00,0.1833,270.95,0.0,1248,960,-4492.8,-2284.8
2020-03-06 01:00:00,0.1833,270.25,0.0,1248,960,-4665.6,-2457.6
2020-03-06 02:00:00,0.1833,269.45,0.0,1248,960,-4809.6,-2601.6
2020-03-06 03:00:00,0.1833,268.75,0.0,1248,960,-4982.4,-2774.4
2020-03-06 04:00:00,0.1833,267.95,0.0,1248,960,-5126.4,-2918.4
2020-03-06 05:00:00,0.1833,267.15,0.0,1248,960,-5299.2,-3091.2
2020-03-06 06:00:00,0.3666,266.45,0.0,1728,960,-5462.4,-2774.4
2020-03-06 07:00:00,0.3666,265.65,0.0,2208,960,-5606.4,-2438.4
2020-03-06 08:00:00,0.3666,268.05,1029.5,1248,960,-5779.2,-3571.2
2020-03-06 09:00:00,0.3666,270.35,1752.9,480,960,-5270.4,-3830.4
2020-03-06 10:00:00,0.3666,272.45,15186.6,480,960,-4790.4,-3350.4
2020-03-06 11:00:00,0.3666,273.75,13340.2,1440,960,-4348.8,-1948.8
2020-03-06 12:00:00,0.3666,275.95,27954.4,2400,960,-4080.0,-720.0
2020-03-06 13:00:00,0.3666,277.15,24989.3,1440,960,-3609.6,-1209.6
2020-03-06 14:00:00,0.3666,277.75,24913.2,480,960,-3379.2,-1939.2
2020-03-06 15:00:00,0.3666,277.15,12572.7,480,960,-3273.6,-1833.6
2020-03-06 16:00:00,0.3666,275.85,10283.7,1440,960,-3408.0,-1008.0
2020-03-06 17:00:00,0.3666,274.15,528.7,2784,960,-3676.8,67.1999999999998
2020-03-06 18:00:00,0.3666,273.75,0.0,2112,960,-4022.4,-950.400000000001
2020-03-06 19:00:00,0.3666,273.35,0.0,1728,960,-4080.0,-1392.0
2020-03-06 20:00:00,0.3666,272.95,0.0,960,960,-4156.8,-2236.8
2020-03-06 21:00:00,0.3666,272.55,0.0,1248,960,-4243.2,-2035.2
2020-03-06 22:00:00,0.1833,272.05,0.0,1248,960,-4329.6,-2121.6
2020-03-06 23:00:00,0.1833,271.65,0.0,1248,960,-4435.2,-2227.2
2020-03-07 00:00:00,0.1833,271.35,0.0,1248,960,-4521.6,-2313.6
2020-03-07 01:00:00,0.1833,271.05,0.0,1248,960,-4579.2,-2371.2
2020-03-07 02:00:00,0.1833,270.75,0.0,1248,960,-4646.4,-2438.4
2020-03-07 03:00:00,0.1833,270.45,0.0,1248,960,-4704.0,-2496.0
2020-03-07 04:00:00,0.1833,270.15,0.0,1248,960,-4771.2,-2563.2
2020-03-07 05:00:00,0.1833,269.85,0.0,1248,960,-4828.8,-2620.8
2020-03-07 06:00:00,0.3666,269.55,0.0,1728,960,-4896.0,-2208.0
2020-03-07 07:00:00,0.3666,269.25,0.0,2208,960,-4963.2,-1795.2
2020-03-07 08:00:00,0.3666,270.25,612.1,1248,960,-5020.8,-2812.8
2020-03-07 09:00:00,0.3666,271.65,2420.7,480,960,-4809.6,-3369.6
2020-03-07 10:00:00,0.3666,273.75,7962.7,480,960,-4521.6,-3081.6
2020-03-07 11:00:00,0.3666,275.65,10984.6,1440,960,-4080.0,-1680.0
2020-03-07 12:00:00,0.3666,277.95,22258.5,2400,960,-3676.8,-316.8
2020-03-07 13:00:00,0.3666,278.45,10521.7,1440,960,-3196.8,-796.8
2020-03-07 14:00:00,0.3666,279.55,22889.6,480,960,-3100.8,-1660.8
2020-03-07 15:00:00,0.3666,279.95,18231.6,480,960,-2860.8,-1420.8
2020-03-07 16:00:00,0.3666,278.45,1530.3,1440,960,-2793.6,-393.6
2020-03-07 17:00:00,0.3666,277.05,528.7,2784,960,-3120.0,624.0
2020-03-07 18:00:00,0.3666,276.55,0.0,2112,960,-3388.8,-316.8
2020-03-07 19:00:00,0.3666,275.95,0.0,1728,960,-3484.8,-796.8
2020-03-07 20:00:00,0.3666,275.35,0.0,960,960,-3609.6,-1689.6
2020-03-07 21:00:00,0.3666,274.85,0.0,1248,960,-3744.0,-1536.0
2020-03-07 22:00:00,0.1833,274.25,0.0,1248,960,-3849.6,-1641.6
2020-03-07 23:00:00,0.1833,273.75,0.0,1248,960,-3974.4,-1766.4
2020-03-08 00:00:00,0.1833,272.95,0.0,1248,960,-4080.0,-1872.0
2020-03-08 01:00:00,0.1833,272.15,0.0,1248,960,-4243.2,-2035.2
2020-03-08 02:00:00,0.1833,271.45,0.0,1248,960,-4416.0,-2208.0
2020-03-08 03:00:00,0.1833,270.65,0.0,1248,960,-4560.0,-2352.0
2020-03-08 04:00:00,0.1833,269.85,0.0,1248,960,-4723.2,-2515.2
2020-03-08 05:00:00,0.1833,269.15,0.0,1248,960,-4896.0,-2688.0
2020-03-08 06:00:00,0.1833,268.35,0.0,1728,960,-5040.0,-2352.0
2020-03-08 07:00:00,0.1833,267.55,0.0,2208,960,-5212.8,-2044.8
2020-03-08 08:00:00,0.1833,268.65,779.1,1248,960,-5376.0,-3168.0
2020-03-08 09:00:00,0.1833,270.45,2726.8,480,960,-5145.6,-3705.6
2020-03-08 10:00:00,0.1833,272.25,8935.7,480,960,-4771.2,-3331.2
2020-03-08 11:00:00,0.1833,272.35,3617.2,1440,960,-4387.2,-1987.2
2020-03-08 12:00:00,0.1833,272.85,5698.1,2400,960,-4368.0,-1008.0
2020-03-08 13:00:00,0.1833,274.05,13467.1,1440,960,-4262.4,-1862.4
2020-03-08 14:00:00,0.1833,274.95,16788.6,480,960,-4012.8,-2572.8
2020-03-08 15:00:00,0.1833,274.25,3116.3,480,960,-3820.8,-2380.8
2020-03-08 16:00:00,0.1833,273.05,640.0,1440,960,-3974.4,-1574.4
2020-03-08 17:00:00,0.1833,272.05,333.9,2784,960,-4224.0,-480.0
2020-03-08 18:00:00,0.1833,271.75,0.0,2112,960,-4435.2,-1363.2
2020-03-08 19:00:00,0.1833,271.55,0.0,1728,960,-4492.8,-1804.8
2020-03-08 20:00:00,0.1833,271.25,0.0,960,960,-4540.8,-2620.8
2020-03-08 21:00:00,0.1833,270.95,0.0,1248,960,-4598.4,-2390.4
2020-03-08 22:00:00,0.1833,270.65,0.0,1248,960,-4665.6,-2457.6
2020-03-08 23:00:00,0.1833,270.45,0.0,1248,960,-4723.2,-2515.2
2020-03-09 00:00:00,0.1833,270.15,0.0,1248,960,-4771.2,-2563.2
2020-03-09 01:00:00,0.1833,269.95,0.0,1248,960,-4828.8,-2620.8
2020-03-09 02:00:00,0.1833,269.75,0.0,1248,960,-4876.8,-2668.8
2020-03-09 03:00:00,0.1833,269.55,0.0,1248,960,-4915.2,-2707.2
2020-03-09 04:00:00,0.1833,269.35,0.0,1248,960,-4963.2,-2755.2
2020-03-09 05:00:00,0.1833,269.15,0.0,1248,960,-5001.6,-2793.6
2020-03-09 06:00:00,0.3666,268.95,0.0,1728,960,-5040.0,-2352.0
2020-03-09 07:00:00,0.3666,268.75,0.0,2208,960,-5088.0,-1920.0
2020-03-09 08:00:00,0.3666,270.45,1001.7,1248,960,-5126.4,-2918.4
2020-03-09 09:00:00,0.3666,271.75,2893.7,480,960,-4771.2,-3331.2
2020-03-09 10:00:00,0.3666,272.95,6634.3,480,960,-4492.8,-3052.8
2020-03-09 11:00:00,0.3666,273.45,4668.2,1440,960,-4243.2,-1843.2
2020-03-09 12:00:00,0.3666,273.05,2671.1,2400,960,-4137.6,-777.599999999999
2020-03-09 13:00:00,0.3666,272.75,2587.7,1440,960,-4224.0,-1824.0
2020-03-09 14:00:00,0.3666,272.55,2532.0,480,960,-4281.6,-2841.6
2020-03-09 15:00:00,0.3666,272.15,1419.0,480,960,-4329.6,-2889.6
2020-03-09 16:00:00,0.3666,271.75,1307.8,1440,960,-4416.0,-2016.0
2020-03-09 17:00:00,0.3666,271.25,83.5,2784,960,-4492.8,-748.799999999999
2020-03-09 18:00:00,0.3666,271.05,0.0,2112,960,-4598.4,-1526.4
2020-03-09 19:00:00,0.3666,270.85,0.0,1728,960,-4646.4,-1958.4
2020-03-09 20:00:00,0.3666,270.65,0.0,960,960,-4684.8,-2764.8
2020-03-09 21:00:00,0.3666,270.45,0.0,1248,960,-4723.2,-2515.2
2020-03-09 22:00:00,0.1833,270.25,0.0,1248,960,-4771.2,-2563.2
2020-03-09 23:00:00,0.1833,270.05,0.0,1248,960,-4809.6,-2601.6
2020-03-10 00:00:00,0.1833,269.75,0.0,1248,960,-4857.6,-2649.6
2020-03-10 01:00:00,0.1833,269.45,0.0,1248,960,-4915.2,-2707.2
2020-03-10 02:00:00,0.1833,269.15,0.0,1248,960,-4982.4,-2774.4
2020-03-10 03:00:00,0.1833,268.85,0.0,1248,960,-5040.0,-2832.0
2020-03-10 04:00:00,0.1833,268.55,0.0,1248,960,-5107.2,-2899.2
2020-03-10 05:00:00,0.1833,268.25,0.0,1248,960,-5164.8,-2956.8
2020-03-10 06:00:00,0.3666,267.95,0.0,1728,960,-5232.0,-2544.0
2020-03-10 07:00:00,0.3666,267.65,0.0,2208,960,-5299.2,-2131.2
2020-03-10 08:00:00,0.3666,270.25,973.9,1248,960,-5356.8,-3148.8
2020-03-10 09:00:00,0.3666,272.55,2476.4,480,960,-4809.6,-3369.6
2020-03-10 10:00:00,0.3666,274.15,9872.3,480,960,-4329.6,-2889.6
2020-03-10 11:00:00,0.3666,275.05,8059.5,1440,960,-3993.6,-1593.6
2020-03-10 12:00:00,0.3666,275.55,7195.6,2400,960,-3801.6,-441.6
2020-03-10 13:00:00,0.3666,276.35,12250.7,1440,960,-3696.0,-1296.0
2020-03-10 14:00:00,0.3666,276.55,8335.5,480,960,-3532.8,-2092.8
2020-03-10 15:00:00,0.3666,276.25,6408.5,480,960,-3484.8,-2044.8
2020-03-10 16:00:00,0.3666,275.55,6220.3,1440,960,-3552.0,-1152.0
2020-03-10 17:00:00,0.3666,274.15,500.8,2784,960,-3696.0,48.0
2020-03-10 18:00:00,0.3666,273.85,0.0,2112,960,-3993.6,-921.6
2020-03-10 19:00:00,0.3666,273.55,0.0,1728,960,-4051.2,-1363.2
2020-03-10 20:00:00,0.3666,273.15,0.0,960,960,-4118.4,-2198.4
2020-03-10 21:00:00,0.3666,272.85,0.0,1248,960,-4204.8,-1996.8
2020-03-10 22:00:00,0.1833,272.55,0.0,1248,960,-4262.4,-2054.4
2020-03-10 23:00:00,0.1833,272.15,0.0,1248,960,-4329.6,-2121.6
2020-03-11 00:00:00,0.1833,271.85,0.0,1248,960,-4416.0,-2208.0
2020-03-11 01:00:00,0.1833,271.55,0.0,1248,960,-4473.6,-2265.6
2020-03-11 02:00:00,0.1833,271.25,0.0,1248,960,-4540.8,-2332.8
2020-03-11 03:00:00,0.1833,270.95,0.0,1248,960,-4598.4,-2390.4
2020-03-11 04:00:00,0.1833,270.65,0.0,1248,960,-4665.6,-2457.6
2020-03-11 05:00:00,0.1833,270.35,0.0,1248,960,-4723.2,-2515.2
2020-03-11 06:00:00,0.3666,270.05,0.0,1728,960,-4790.4,-2102.4
2020-03-11 07:00:00,0.3666,269.75,0.0,2208,960,-4857.6,-1689.6
2020-03-11 08:00:00,0.3666,271.55,1057.3,1248,960,-4915.2,-2707.2
2020-03-11 09:00:00,0.3666,273.95,2921.6,480,960,-4540.8,-3100.8
2020-03-11 10:00:00,0.3666,275.55,7536.4,480,960,-4032.0,-2592.0
2020-03-11 11:00:00,0.3666,275.85,4481.5,1440,960,-3696.0,-1296.0
2020-03-11 12:00:00,0.3666,275.75,3617.2,2400,960,-3638.4,-278.4
2020-03-11 13:00:00,0.3666,276.45,7036.7,1440,960,-3657.6,-1257.6
2020-03-11 14:00:00,0.3666,276.45,4428.1,480,960,-3513.6,-2073.6
2020-03-11 15:00:00,0.3666,276.35,4662.9,480,960,-3513.6,-2073.6
2020-03-11 16:00:00,0.3666,276.15,6811.1,1440,960,-3532.8,-1132.8
2020-03-11 17:00:00,0.3666,275.15,556.5,2784,960,-3571.2,172.8
2020-03-11 18:00:00,0.3666,274.65,0.0,2112,960,-3782.4,-710.4
2020-03-11 19:00:00,0.3666,274.15,0.0,1728,960,-3888.0,-1200.0
2020-03-11 20:00:00,0.3666,273.65,0.0,960,960,-3993.6,-2073.6
2020-03-11 21:00:00,0.3666,273.15,0.0,1248,960,-4099.2,-1891.2
2020-03-11 22:00:00,0.1833,272.65,0.0,1248,960,-4204.8,-1996.8
2020-03-11 23:00:00,0.1833,272.15,0.0,1248,960,-4310.4,-2102.4
2020-03-12 00:00:00,0.1833,271.65,0.0,1248,960,-4416.0,-2208.0
2020-03-12 01:00:00,0.1833,271.25,0.0,1248,960,-4521.6,-2313.6
2020-03-12 02:00:00,0.1833,270.85,0.0,1248,960,-4598.4,-2390.4
2020-03-12 03:00:00,0.1833,270.45,0.0,1248,960,-4684.8,-2476.8
2020-03-12 04:00:00,0.1833,270.05,0.0,1248,960,-4771.2,-2563.2
2020-03-12 05:00:00,0.1833,269.65,0.0,1248,960,-4857.6,-2649.6
2020-03-12 06:00:00,0.3666,269.35,0.0,1728,960,-4934.4,-2246.4
2020-03-12 07:00:00,0.3666,268.95,0.0,2208,960,-5001.6,-1833.6
2020-03-12 08:00:00,0.3666,270.75,1113.0,1248,960,-5088.0,-2880.0
2020-03-12 09:00:00,0.3666,271.55,2309.4,480,960,-4704.0,-3264.0
2020-03-12 10:00:00,0.3666,273.15,5813.0,480,960,-4540.8,-3100.8
2020-03-12 11:00:00,0.3666,273.95,5133.9,1440,960,-4204.8,-1804.8
2020-03-12 12:00:00,0.3666,275.55,12169.5,2400,960,-4032.0,-672.0
2020-03-12 13:00:00,0.3666,276.55,11335.0,1440,960,-3696.0,-1296.0
2020-03-12 14:00:00,0.3666,277.35,13596.6,480,960,-3484.8,-2044.8
2020-03-12 15:00:00,0.3666,276.55,3255.5,480,960,-3321.6,-1881.6
2020-03-12 16:00:00,0.3666,275.85,3428.7,1440,960,-3484.8,-1084.8
2020-03-12 17:00:00,0.3666,274.65,389.5,2784,960,-3638.4,105.6
2020-03-12 18:00:00,0.3666,274.45,0.0,2112,960,-3888.0,-816.0
2020-03-12 19:00:00,0.3666,274.15,0.0,1728,960,-3926.4,-1238.4
2020-03-12 20:00:00,0.3666,273.85,0.0,960,960,-3993.6,-2073.6
2020-03-12 21:00:00,0.3666,273.65,0.0,1248,960,-4051.2,-1843.2
2020-03-12 22:00:00,0.1833,273.35,0.0,1248,960,-4099.2,-1891.2
2020-03-12 23:00:00,0.1833,273.05,0.0,1248,960,-4156.8,-1948.8
2020-03-13 00:00:00,0.1833,272.75,0.0,1248,960,-4224.0,-2016.0
2020-03-13 01:00:00,0.1833,272.45,0.0,1248,960,-4281.6,-2073.6
2020-03-13 02:00:00,0.1833,272.25,0.0,1248,960,-4348.8,-2140.8
2020-03-13 03:00:00,0.1833,271.95,0.0,1248,960,-4387.2,-2179.2
2020-03-13 04:00:00,0.1833,271.75,0.0,1248,960,-4454.4,-2246.4
2020-03-13 05:00:00,0.1833,271.45,0.0,1248,960,-4492.8,-2284.8
2020-03-13 06:00:00,0.3666,271.25,0.0,1728,960,-4560.0,-1872.0
2020-03-13 07:00:00,0.3666,270.95,0.0,2208,960,-4598.4,-1430.4
2020-03-13 08:00:00,0.3666,273.25,1196.5,1248,960,-4665.6,-2457.6
2020-03-13 09:00:00,0.3666,274.45,2949.4,480,960,-4185.6,-2745.6
2020-03-13 10:00:00,0.3666,275.85,5974.4,480,960,-3926.4,-2486.4
2020-03-13 11:00:00,0.3666,278.15,15352.6,1440,960,-3638.4,-1238.4
2020-03-13 12:00:00,0.3666,280.55,25328.8,2400,960,-3148.8,211.2
2020-03-13 13:00:00,0.3666,281.35,14245.2,1440,960,-2649.6,-249.6
2020-03-13 14:00:00,0.3666,281.25,8427.4,480,960,-2505.6,-1065.6
2020-03-13 15:00:00,0.3666,280.25,3088.5,480,960,-2524.8,-1084.8
2020-03-13 16:00:00,0.3666,279.05,2031.2,1440,960,-2726.4,-326.4
2020-03-13 17:00:00,0.3666,277.85,500.8,2784,960,-2966.4,777.6
2020-03-13 18:00:00,0.3666,277.15,0.0,2112,960,-3216.0,-144.0
2020-03-13 19:00:00,0.3666,276.35,0.0,1728,960,-3360.0,-672.0
2020-03-13 20:00:00,0.3666,275.65,0.0,960,960,-3532.8,-1612.8
2020-03-13 21:00:00,0.3666,274.95,0.0,1248,960,-3676.8,-1468.8
2020-03-13 22:00:00,0.1833,274.25,0.0,1248,960,-3820.8,-1612.8
2020-03-13 23:00:00,0.1833,273.45,0.0,1248,960,-3974.4,-1766.4
2020-03-14 00:00:00,0.1833,272.45,0.0,1248,960,-4137.6,-1929.6
2020-03-14 01:00:00,0.1833,271.25,0.0,1248,960,-4348.8,-2140.8
2020-03-14 02:00:00,0.1833,269.95,0.0,1248,960,-4598.4,-2390.4
2020-03-14 03:00:00,0.1833,268.75,0.0,1248,960,-4876.8,-2668.8
2020-03-14 04:00:00,0.1833,267.55,0.0,1248,960,-5126.4,-2918.4
2020-03-14 05:00:00,0.1833,266.25,0.0,1248,960,-5376.0,-3168.0
2020-03-14 06:00:00,0.3666,265.05,0.0,1728,960,-5654.4,-2966.4
2020-03-14 07:00:00,0.3666,265.35,0.0,2208,960,-5904.0,-2736.0
2020-03-14 08:00:00,0.3666,265.55,1140.8,1248,960,-5836.8,-3628.8
2020-03-14 09:00:00,0.3666,266.85,3088.5,480,960,-5798.4,-4358.4
2020-03-14 10:00:00,0.3666,268.65,17100.9,480,960,-5529.6,-4089.6
2020-03-14 11:00:00,0.3666,270.55,26203.0,1440,960,-5145.6,-2745.6
2020-03-14 12:00:00,0.3666,271.65,25729.7,2400,960,-4752.0,-1392.0
2020-03-14 13:00:00,0.3666,272.35,28103.4,1440,960,-4521.6,-2121.6
2020-03-14 14:00:00,0.3666,272.65,26414.2,480,960,-4387.2,-2947.2
2020-03-14 15:00:00,0.3666,272.25,18222.1,480,960,-4339.2,-2899.2
2020-03-14 16:00:00,0.3666,270.65,3432.0,1440,960,-4435.2,-2035.2
2020-03-14 17:00:00,0.3666,268.95,667.8,2784,960,-4761.6,-1017.6
2020-03-14 18:00:00,0.3666,268.45,0.0,2112,960,-5097.6,-2025.6
2020-03-14 19:00:00,0.3666,267.95,0.0,1728,960,-5193.6,-2505.6
2020-03-14 20:00:00,0.3666,267.55,0.0,960,960,-5299.2,-3379.2
2020-03-14 21:00:00,0.3666,267.05,0.0,1248,960,-5376.0,-3168.0
2020-03-14 22:00:00,0.1833,266.55,0.0,1248,960,-5481.6,-3273.6
2020-03-14 23:00:00,0.1833,266.05,0.0,1248,960,-5587.2,-3379.2
2020-03-15 00:00:00,0.1833,266.45,0.0,1248,960,-5692.8,-3484.8
2020-03-15 01:00:00,0.1833,266.85,0.0,1248,960,-5606.4,-3398.4
2020-03-15 02:00:00,0.1833,267.15,0.0,1248,960,-5529.6,-3321.6
2020-03-15 03:00:00,0.1833,267.55,0.0,1248,960,-5462.4,-3254.4
2020-03-15 04:00:00,0.1833,267.95,0.0,1248,960,-5376.0,-3168.0
2020-03-15 05:00:00,0.1833,268.35,0.0,1248,960,-5299.2,-3091.2
2020-03-15 06:00:00,0.1833,268.75,0.0,1728,960,-5212.8,-2524.8
2020-03-15 07:00:00,0.1833,269.15,0.0,2208,960,-5126.4,-1958.4
2020-03-15 08:00:00,0.1833,269.25,55.6,1248,960,-5040.0,-2832.0
2020-03-15 09:00:00,0.1833,270.05,1085.2,480,960,-5020.8,-3580.8
2020-03-15 10:00:00,0.1833,269.95,445.2,480,960,-4857.6,-3417.6
2020-03-15 11:00:00,0.1833,270.65,2281.6,1440,960,-4876.8,-2476.8
2020-03-15 12:00:00,0.1833,270.85,1613.8,2400,960,-4723.2,-1363.2
2020-03-15 13:00:00,0.1833,271.35,3116.3,1440,960,-4684.8,-2284.8
2020-03-15 14:00:00,0.1833,271.75,3088.5,480,960,-4579.2,-3139.2
2020-03-15 15:00:00,0.1833,271.85,2142.5,480,960,-4492.8,-3052.8
2020-03-15 16:00:00,0.1833,271.65,918.2,1440,960,-4473.6,-2073.6
2020-03-15 17:00:00,0.1833,271.25,139.1,2784,960,-4521.6,-777.6
2020-03-15 18:00:00,0.1833,271.75,0.0,2112,960,-4598.4,-1526.4
2020-03-15 19:00:00,0.1833,272.25,0.0,1728,960,-4492.8,-1804.8
2020-03-15 20:00:00,0.1833,272.85,0.0,960,960,-4387.2,-2467.2
2020-03-15 21:00:00,0.1833,273.35,0.0,1248,960,-4262.4,-2054.4
2020-03-15 22:00:00,0.1833,273.85,0.0,1248,960,-4156.8,-1948.8
2020-03-15 23:00:00,0.1833,274.35,0.0,1248,960,-4051.2,-1843.2
2020-03-16 00:00:00,0.1833,274.35,0.0,1248,960,-3945.6,-1737.6
2020-03-16 01:00:00,0.1833,274.35,0.0,1248,960,-3945.6,-1737.6
2020-03-16 02:00:00,0.1833,274.35,0.0,1248,960,-3945.6,-1737.6
2020-03-16 03:00:00,0.1833,274.25,0.0,1248,960,-3945.6,-1737.6
2020-03-16 04:00:00,0.1833,274.25,0.0,1248,960,-3974.4,-1766.4
2020-03-16 05:00:00,0.1833,274.25,0.0,1248,960,-3974.4,-1766.4
2020-03-16 06:00:00,0.3666,274.25,0.0,1728,960,-3974.4,-1286.4
2020-03-16 07:00:00,0.3666,274.25,0.0,2208,960,-3974.4,-806.4
2020-03-16 08:00:00,0.3666,274.65,278.2,1248,960,-3974.4,-1766.4
2020-03-16 09:00:00,0.3666,274.95,723.4,480,960,-3888.0,-2448.0
2020-03-16 10:00:00,0.3666,274.95,473.0,480,960,-3820.8,-2380.8
2020-03-16 11:00:00,0.3666,275.05,751.3,1440,960,-3820.8,-1420.8
2020-03-16 12:00:00,0.3666,275.15,890.4,2400,960,-3801.6,-441.6
2020-03-16 13:00:00,0.3666,275.35,1502.5,1440,960,-3782.4,-1382.4
2020-03-16 14:00:00,0.3666,275.25,389.5,480,960,-3744.0,-2304.0
2020-03-16 15:00:00,0.3666,275.35,1029.5,480,960,-3763.2,-2323.2
2020-03-16 16:00:00,0.3666,275.15,83.5,1440,960,-3744.0,-1344.0
2020-03-16 17:00:00,0.3666,275.05,83.5,2784,960,-3782.4,-38.4000000000001
2020-03-16 18:00:00,0.3666,274.95,0.0,2112,960,-3801.6,-729.6
2020-03-16 19:00:00,0.3666,274.85,0.0,1728,960,-3820.8,-1132.8
2020-03-16 20:00:00,0.3666,274.75,0.0,960,960,-3849.6,-1929.6
2020-03-16 21:00:00,0.3666,274.65,0.0,1248,960,-3868.8,-1660.8
2020-03-16 22:00:00,0.1833,274.55,0.0,1248,960,-3888.0,-1680.0
2020-03-16 23:00:00,0.1833,274.45,0.0,1248,960,-3907.2,-1699.2
2020-03-17 00:00:00,0.1833,274.35,0.0,1248,960,-3926.4,-1718.4
2020-03-17 01:00:00,0.1833,274.25,0.0,1248,960,-3945.6,-1737.6
2020-03-17 02:00:00,0.1833,274.15,0.0,1248,960,-3974.4,-1766.4
2020-03-17 03:00:00,0.1833,274.05,0.0,1248,960,-3993.6,-1785.6
2020-03-17 04:00:00,0.1833,273.85,0.0,1248,960,-4012.8,-1804.8
2020-03-17 05:00:00,0.1833,273.75,0.0,1248,960,-4051.2,-1843.2
2020-03-17 06:00:00,0.3666,273.65,0.0,1728,960,-4080.0,-1392.0
2020-03-17 07:00:00,0.3666,273.55,0.0,2208,960,-4099.2,-931.2
2020-03-17 08:00:00,0.3666,274.95,862.6,1248,960,-4118.4,-1910.4
2020-03-17 09:00:00,0.3666,276.95,3227.6,480,960,-3820.8,-2380.8
2020-03-17 10:00:00,0.3666,277.85,3964.9,480,960,-3408.0,-1968.0
2020-03-17 11:00:00,0.3666,278.95,5715.2,1440,960,-3216.0,-816.0
2020-03-17 12:00:00,0.3666,278.75,2754.6,2400,960,-2985.6,374.4
2020-03-17 13:00:00,0.3666,278.95,4229.3,1440,960,-3024.0,-624.0
2020-03-17 14:00:00,0.3666,278.45,1919.9,480,960,-2985.6,-1545.6
2020-03-17 15:00:00,0.3666,278.15,2365.1,480,960,-3091.2,-1651.2
2020-03-17 16:00:00,0.3666,278.15,4265.6,1440,960,-3148.8,-748.8
2020-03-17 17:00:00,0.3666,277.65,1643.6,2784,960,-3148.8,595.2
2020-03-17 18:00:00,0.3666,277.05,0.0,2112,960,-3254.4,-182.4
2020-03-17 19:00:00,0.3666,276.45,0.0,1728,960,-3379.2,-691.2
2020-03-17 20:00:00,0.3666,275.95,0.0,960,960,-3513.6,-1593.6
2020-03-17 21:00:00,0.3666,275.35,0.0,1248,960,-3609.6,-1401.6
2020-03-17 22:00:00,0.1833,274.75,0.0,1248,960,-3744.0,-1536.0
2020-03-17 23:00:00,0.1833,274.25,0.0,1248,960,-3868.8,-1660.8
2020-03-18 00:00:00,0.1833,273.55,0.0,1248,960,-3974.4,-1766.4
2020-03-18 01:00:00,0.1833,272.85,0.0,1248,960,-4118.4,-1910.4
2020-03-18 02:00:00,0.1833,272.05,0.0,1248,960,-4262.4,-2054.4
2020-03-18 03:00:00,0.1833,271.35,0.0,1248,960,-4435.2,-2227.2
2020-03-18 04:00:00,0.1833,270.65,0.0,1248,960,-4579.2,-2371.2
2020-03-18 05:00:00,0.1833,269.95,0.0,1248,960,-4723.2,-2515.2
2020-03-18 06:00:00,0.3666,269.25,0.0,1728,960,-4876.8,-2188.8
2020-03-18 07:00:00,0.3666,268.45,0.0,2208,960,-5020.8,-1852.8
2020-03-18 08:00:00,0.3666,271.95,1363.4,1248,960,-5193.6,-2985.6
2020-03-18 09:00:00,0.3666,273.55,3283.3,480,960,-4454.4,-3014.4
2020-03-18 10:00:00,0.3666,273.35,2921.6,480,960,-4118.4,-2678.4
2020-03-18 11:00:00,0.3666,274.85,7632.9,1440,960,-4156.8,-1756.8
2020-03-18 12:00:00,0.3666,275.55,6422.3,2400,960,-3849.6,-489.6
2020-03-18 13:00:00,0.3666,276.25,8113.9,1440,960,-3696.0,-1296.0
2020-03-18 14:00:00,0.3666,277.45,16849.2,480,960,-3552.0,-2112.0
2020-03-18 15:00:00,0.3666,277.85,14500.2,480,960,-3302.4,-1862.4
2020-03-18 16:00:00,0.3666,277.65,13345.3,1440,960,-3216.0,-816.0
2020-03-18 17:00:00,0.3666,276.25,1636.0,2784,960,-3254.4,489.6
2020-03-18 18:00:00,0.3666,275.65,0.0,2112,960,-3552.0,-480.0
2020-03-18 19:00:00,0.3666,275.15,0.0,1728,960,-3676.8,-988.8
2020-03-18 20:00:00,0.3666,274.55,0.0,960,960,-3782.4,-1862.4
2020-03-18 21:00:00,0.3666,274.05,0.0,1248,960,-3907.2,-1699.2
2020-03-18 22:00:00,0.1833,273.45,0.0,1248,960,-4012.8,-1804.8
2020-03-18 23:00:00,0.1833,272.95,0.0,1248,960,-4137.6,-1929.6
2020-03-19 00:00:00,0.1833,272.55,0.0,1248,960,-4243.2,-2035.2
2020-03-19 01:00:00,0.1833,272.25,0.0,1248,960,-4329.6,-2121.6
2020-03-19 02:00:00,0.1833,271.85,0.0,1248,960,-4387.2,-2179.2
2020-03-19 03:00:00,0.1833,271.45,0.0,1248,960,-4473.6,-2265.6
2020-03-19 04:00:00,0.1833,271.15,0.0,1248,960,-4560.0,-2352.0
2020-03-19 05:00:00,0.1833,270.75,0.0,1248,960,-4627.2,-2419.2
2020-03-19 06:00:00,0.3666,270.45,0.0,1728,960,-4704.0,-2016.0
2020-03-19 07:00:00,0.3666,270.05,0.0,2208,960,-4771.2,-1603.2
2020-03-19 08:00:00,0.3666,273.25,1502.5,1248,960,-4857.6,-2649.6
2020-03-19 09:00:00,0.3666,274.75,3311.1,480,960,-4185.6,-2745.6
2020-03-19 10:00:00,0.3666,274.35,2198.1,480,960,-3868.8,-2428.8
2020-03-19 11:00:00,0.3666,275.75,7166.4,1440,960,-3945.6,-1545.6
2020-03-19 12:00:00,0.3666,277.95,15890.2,2400,960,-3657.6,-297.6
2020-03-19 13:00:00,0.3666,279.65,18847.9,1440,960,-3196.8,-796.8
2020-03-19 14:00:00,0.3666,280.15,11558.1,480,960,-2841.6,-1401.6
2020-03-19 15:00:00,0.3666,280.45,14099.1,480,960,-2745.6,-1305.6
2020-03-19 16:00:00,0.3666,279.25,2281.6,1440,960,-2678.4,-278.4
2020-03-19 17:00:00,0.3666,277.75,640.0,2784,960,-2928.0,816.0
2020-03-19 18:00:00,0.3666,277.35,0.0,2112,960,-3235.2,-163.2
2020-03-19 19:00:00,0.3666,276.95,0.0,1728,960,-3321.6,-633.6
2020-03-19 20:00:00,0.3666,276.55,0.0,960,960,-3408.0,-1488.0
2020-03-19 21:00:00,0.3666,276.15,0.0,1248,960,-3484.8,-1276.8
2020-03-19 22:00:00,0.1833,275.75,0.0,1248,960,-3571.2,-1363.2
2020-03-19 23:00:00,0.1833,275.35,0.0,1248,960,-3657.6,-1449.6
2020-03-20 00:00:00,0.1833,274.95,0.0,1248,960,-3744.0,-1536.0
2020-03-20 01:00:00,0.1833,274.45,0.0,1248,960,-3820.8,-1612.8
2020-03-20 02:00:00,0.1833,273.95,0.0,1248,960,-3926.4,-1718.4
2020-03-20 03:00:00,0.1833,273.45,0.0,1248,960,-4032.0,-1824.0
2020-03-20 04:00:00,0.1833,273.05,0.0,1248,960,-4137.6,-1929.6
2020-03-20 05:00:00,0.1833,272.55,0.0,1248,960,-4224.0,-2016.0
2020-03-20 06:00:00,0.3666,272.05,0.0,1728,960,-4329.6,-1641.6
2020-03-20 07:00:00,0.3666,271.55,0.0,2208,960,-4435.2,-1267.2
2020-03-20 08:00:00,0.3666,274.25,1530.3,1248,960,-4540.8,-2332.8
2020-03-20 09:00:00,0.3666,275.25,2977.2,480,960,-3974.4,-2534.4
2020-03-20 10:00:00,0.3666,278.15,11266.7,480,960,-3763.2,-2323.2
2020-03-20 11:00:00,0.3666,279.85,10739.1,1440,960,-3148.8,-748.8
2020-03-20 12:00:00,0.3666,280.85,9814.7,2400,960,-2793.6,566.4
2020-03-20 13:00:00,0.3666,281.15,7747.7,1440,960,-2582.4,-182.4
2020-03-20 14:00:00,0.3666,280.75,4662.7,480,960,-2524.8,-1084.8
2020-03-20 15:00:00,0.3666,281.25,15381.6,480,960,-2601.6,-1161.6
2020-03-20 16:00:00,0.3666,280.45,5799.6,1440,960,-2496.0,-96.0
2020-03-20 17:00:00,0.3666,279.15,1127.7,2784,960,-2668.8,1075.2
2020-03-20 18:00:00,0.3666,278.55,0.0,2112,960,-2937.6,134.4
2020-03-20 19:00:00,0.3666,277.95,0.0,1728,960,-3072.0,-384.0
2020-03-20 20:00:00,0.3666,277.45,0.0,960,960,-3196.8,-1276.8
2020-03-20 21:00:00,0.3666,276.85,0.0,1248,960,-3302.4,-1094.4
2020-03-20 22:00:00,0.1833,276.25,0.0,1248,960,-3427.2,-1219.2
2020-03-20 23:00:00,0.1833,275.65,0.0,1248,960,-3552.0,-1344.0
2020-03-21 00:00:00,0.1833,275.25,0.0,1248,960,-3676.8,-1468.8
2020-03-21 01:00:00,0.1833,274.75,0.0,1248,960,-3763.2,-1555.2
2020-03-21 02:00:00,0.1833,274.25,0.0,1248,960,-3868.8,-1660.8
2020-03-21 03:00:00,0.1833,273.85,0.0,1248,960,-3974.4,-1766.4
2020-03-21 04:00:00,0.1833,273.35,0.0,1248,960,-4051.2,-1843.2
2020-03-21 05:00:00,0.1833,272.95,0.0,1248,960,-4156.8,-1948.8
2020-03-21 06:00:00,0.3666,272.45,0.0,1728,960,-4243.2,-1555.2
2020-03-21 07:00:00,0.3666,272.05,0.0,2208,960,-4348.8,-1180.8
2020-03-21 08:00:00,0.3666,274.75,1586.0,1248,960,-4435.2,-2227.2
2020-03-21 09:00:00,0.3666,277.85,3032.9,480,960,-3868.8,-2428.8
2020-03-21 10:00:00,0.3666,279.75,10973.2,480,960,-3216.0,-1776.0
2020-03-21 11:00:00,0.3666,282.35,20579.9,1440,960,-2812.8,-412.8
2020-03-21 12:00:00,0.3666,284.45,25410.6,2400,960,-2265.6,1094.4
2020-03-21 13:00:00,0.3666,286.05,29056.6,1440,960,-1843.2,556.8
2020-03-21 14:00:00,0.3666,286.85,25796.3,480,960,-1536.0,-96.0
2020-03-21 15:00:00,0.3666,286.55,16279.5,480,960,-1401.6,38.4000000000001
2020-03-21 16:00:00,0.3666,285.15,10103.6,1440,960,-1488.0,912.0
2020-03-21 17:00:00,0.3666,283.35,6394.1,2784,960,-1795.2,1948.8
2020-03-21 18:00:00,0.3666,282.75,0.0,2112,960,-2179.2,892.8
2020-03-21 19:00:00,0.3666,282.25,0.0,1728,960,-2294.4,393.6
2020-03-21 20:00:00,0.3666,281.75,0.0,960,960,-2390.4,-470.4
2020-03-21 21:00:00,0.3666,281.25,0.0,1248,960,-2476.8,-268.8
2020-03-21 22:00:00,0.1833,280.75,0.0,1248,960,-2563.2,-355.2
2020-03-21 23:00:00,0.1833,280.25,0.0,1248,960,-2649.6,-441.6
2020-03-22 00:00:00,0.1833,279.65,0.0,1248,960,-2736.0,-528.0
2020-03-22 01:00:00,0.1833,278.95,0.0,1248,960,-2841.6,-633.6
2020-03-22 02:00:00,0.1833,278.35,0.0,1248,960,-2985.6,-777.6
2020-03-22 03:00:00,0.1833,277.75,0.0,1248,960,-3110.4,-902.4
2020-03-22 04:00:00,0.1833,277.05,0.0,1248,960,-3235.2,-1027.2
2020-03-22 05:00:00,0.1833,276.45,0.0,1248,960,-3379.2,-1171.2
2020-03-22 06:00:00,0.1833,275.75,0.0,1728,960,-3513.6,-825.6
2020-03-22 07:00:00,0.1833,275.15,0.0,2208,960,-3657.6,-489.6
2020-03-22 08:00:00,0.1833,279.65,1725.1,1248,960,-3782.4,-1574.4
2020-03-22 09:00:00,0.1833,281.75,2865.9,480,960,-2832.0,-1392.0
2020-03-22 10:00:00,0.1833,284.05,15386.7,480,960,-2400.0,-960.0
2020-03-22 11:00:00,0.1833,284.95,10329.0,1440,960,-1910.4,489.6
2020-03-22 12:00:00,0.1833,285.25,8633.5,2400,960,-1728.0,1632.0
2020-03-22 13:00:00,0.1833,285.75,11302.0,1440,960,-1670.4,729.6
2020-03-22 14:00:00,0.1833,286.25,12680.3,480,960,-1564.8,-124.8
2020-03-22 15:00:00,0.1833,286.05,10244.9,480,960,-1468.8,-28.8
2020-03-22 16:00:00,0.1833,285.45,12579.3,1440,960,-1516.8,883.2
2020-03-22 17:00:00,0.1833,284.05,7194.4,2784,960,-1641.6,2102.4
2020-03-22 18:00:00,0.1833,283.35,0.0,2112,960,-1948.8,1123.2
2020-03-22 19:00:00,0.1833,282.55,0.0,1728,960,-2092.8,595.2
2020-03-22 20:00:00,0.1833,281.85,0.0,960,960,-2246.4,-326.4
2020-03-22 21:00:00,0.1833,281.05,0.0,1248,960,-2380.8,-172.8
2020-03-22 22:00:00,0.1833,280.35,0.0,1248,960,-2544.0,-336.0
2020-03-22 23:00:00,0.1833,279.55,0.0,1248,960,-2688.0,-480.0
2020-03-23 00:00:00,0.1833,278.85,0.0,1248,960,-2860.8,-652.8
2020-03-23 01:00:00,0.1833,278.15,0.0,1248,960,-3004.8,-796.8
2020-03-23 02:00:00,0.1833,277.35,0.0,1248,960,-3148.8,-940.8
2020-03-23 03:00:00,0.1833,276.55,0.0,1248,960,-3321.6,-1113.6
2020-03-23 04:00:00,0.1833,275.85,0.0,1248,960,-3484.8,-1276.8
2020-03-23 05:00:00,0.1833,275.05,0.0,1248,960,-3638.4,-1430.4
2020-03-23 06:00:00,0.3666,274.35,0.0,1728,960,-3801.6,-1113.6
2020-03-23 07:00:00,0.3666,273.55,0.0,2208,960,-3945.6,-777.6
2020-03-23 08:00:00,0.3666,274.95,946.0,1248,960,-4118.4,-1910.4
2020-03-23 09:00:00,0.3666,275.45,1530.3,480,960,-3820.8,-2380.8
2020-03-23 10:00:00,0.3666,277.45,5652.2,480,960,-3715.2,-2275.2
2020-03-23 11:00:00,0.3666,278.45,5157.3,1440,960,-3302.4,-902.4
2020-03-23 12:00:00,0.3666,278.85,4618.9,2400,960,-3091.2,268.8
2020-03-23 13:00:00,0.3666,278.95,4229.3,1440,960,-3004.8,-604.8
2020-03-23 14:00:00,0.3666,279.35,5487.6,480,960,-2985.6,-1545.6
2020-03-23 15:00:00,0.3666,278.75,2365.1,480,960,-2899.2,-1459.2
2020-03-23 16:00:00,0.3666,278.65,4907.5,1440,960,-3024.0,-624.0
2020-03-23 17:00:00,0.3666,277.85,806.9,2784,960,-3043.2,700.8
2020-03-23 18:00:00,0.3666,277.45,0.0,2112,960,-3216.0,-144.0
2020-03-23 19:00:00,0.3666,277.05,0.0,1728,960,-3302.4,-614.4
2020-03-23 20:00:00,0.3666,276.75,0.0,960,960,-3379.2,-1459.2
2020-03-23 21:00:00,0.3666,276.35,0.0,1248,960,-3446.4,-1238.4
2020-03-23 22:00:00,0.1833,275.95,0.0,1248,960,-3532.8,-1324.8
2020-03-23 23:00:00,0.1833,275.55,0.0,1248,960,-3609.6,-1401.6
2020-03-24 00:00:00,0.1833,275.35,0.0,1248,960,-3696.0,-1488.0
2020-03-24 01:00:00,0.1833,275.15,0.0,1248,960,-3744.0,-1536.0
2020-03-24 02:00:00,0.1833,275.05,0.0,1248,960,-3782.4,-1574.4
2020-03-24 03:00:00,0.1833,274.85,0.0,1248,960,-3801.6,-1593.6
2020-03-24 04:00:00,0.1833,274.65,0.0,1248,960,-3849.6,-1641.6
2020-03-24 05:00:00,0.1833,274.55,0.0,1248,960,-3888.0,-1680.0
2020-03-24 06:00:00,0.3666,274.35,0.0,1728,960,-3907.2,-1219.2
2020-03-24 07:00:00,0.3666,274.45,0.0,2208,960,-3945.6,-777.6
2020-03-24 08:00:00,0.3666,275.15,806.9,1248,960,-3926.4,-1718.4
2020-03-24 09:00:00,0.3666,276.95,3199.8,480,960,-3782.4,-2342.4
2020-03-24 10:00:00,0.3666,278.45,4723.8,480,960,-3408.0,-1968.0
2020-03-24 11:00:00,0.3666,279.35,4650.7,1440,960,-3091.2,-691.2
2020-03-24 12:00:00,0.3666,281.05,9268.6,2400,960,-2899.2,460.8
2020-03-24 13:00:00,0.3666,281.75,6165.0,1440,960,-2544.0,-144.0
2020-03-24 14:00:00,0.3666,282.25,6133.5,480,960,-2400.0,-960.0
2020-03-24 15:00:00,0.3666,282.45,5483.2,480,960,-2294.4,-854.4
2020-03-24 16:00:00,0.3666,282.05,2985.7,1440,960,-2246.4,153.6
2020-03-24 17:00:00,0.3666,281.25,1029.5,2784,960,-2332.8,1411.2
2020-03-24 18:00:00,0.3666,280.45,0.0,2112,960,-2496.0,576.0
2020-03-24 19:00:00,0.3666,279.55,0.0,1728,960,-2668.8,19.2000000000003
2020-03-24 20:00:00,0.3666,278.75,0.0,960,960,-2860.8,-940.8
2020-03-24 21:00:00,0.3666,277.85,0.0,1248,960,-3024.0,-816.0
2020-03-24 22:00:00,0.1833,276.95,0.0,1248,960,-3216.0,-1008.0
2020-03-24 23:00:00,0.1833,276.15,0.0,1248,960,-3408.0,-1200.0
2020-03-25 00:00:00,0.1833,275.05,0.0,1248,960,-3571.2,-1363.2
2020-03-25 01:00:00,0.1833,273.95,0.0,1248,960,-3801.6,-1593.6
2020-03-25 02:00:00,0.1833,272.85,0.0,1248,960,-4032.0,-1824.0
2020-03-25 03:00:00,0.1833,271.75,0.0,1248,960,-4262.4,-2054.4
2020-03-25 04:00:00,0.1833,270.65,0.0,1248,960,-4492.8,-2284.8
2020-03-25 05:00:00,0.1833,269.55,0.0,1248,960,-4723.2,-2515.2
2020-03-25 06:00:00,0.3666,268.45,0.0,1728,960,-4963.2,-2275.2
2020-03-25 07:00:00,0.3666,268.45,0.0,2208,960,-5193.6,-2025.6
2020-03-25 08:00:00,0.3666,271.45,1307.8,1248,960,-5193.6,-2985.6
2020-03-25 09:00:00,0.3666,274.95,1836.4,480,960,-4560.0,-3120.0
2020-03-25 10:00:00,0.3666,278.35,23480.7,480,960,-3820.8,-2380.8
2020-03-25 11:00:00,0.3666,281.15,24704.7,1440,960,-3110.4,-710.4
2020-03-25 12:00:00,0.3666,283.05,23730.0,2400,960,-2534.4,825.6
2020-03-25 13:00:00,0.3666,284.65,27882.0,1440,960,-2160.0,240.0
2020-03-25 14:00:00,0.3666,285.45,24904.1,480,960,-1843.2,-403.2
2020-03-25 15:00:00,0.3666,285.45,19951.3,480,960,-1699.2,-259.2
2020-03-25 16:00:00,0.3666,284.15,11362.5,1440,960,-1728.0,672.0
2020-03-25 17:00:00,0.3666,281.95,2686.4,2784,960,-2016.0,1728.0
2020-03-25 18:00:00,0.3666,281.05,0.0,2112,960,-2486.4,585.6
2020-03-25 19:00:00,0.3666,280.25,0.0,1728,960,-2659.2,28.8000000000002
2020-03-25 20:00:00,0.3666,279.35,0.0,960,960,-2812.8,-892.8
2020-03-25 21:00:00,0.3666,278.45,0.0,1248,960,-2976.0,-768.0
2020-03-25 22:00:00,0.1833,277.65,0.0,1248,960,-3148.8,-940.8
2020-03-25 23:00:00,0.1833,276.75,0.0,1248,960,-3292.8,-1084.8
2020-03-26 00:00:00,0.1833,276.05,0.0,1248,960,-3456.0,-1248.0
2020-03-26 01:00:00,0.1833,275.25,0.0,1248,960,-3590.4,-1382.4
2020-03-26 02:00:00,0.1833,274.45,0.0,1248,960,-3763.2,-1555.2
2020-03-26 03:00:00,0.1833,273.65,0.0,1248,960,-3926.4,-1718.4
2020-03-26 04:00:00,0.1833,272.95,0.0,1248,960,-4099.2,-1891.2
2020-03-26 05:00:00,0.1833,272.15,0.0,1248,960,-4243.2,-2035.2
2020-03-26 06:00:00,0.3666,271.35,0.0,1728,960,-4416.0,-1728.0
2020-03-26 07:00:00,0.3666,271.75,222.6,2208,960,-4579.2,-1411.2
2020-03-26 08:00:00,0.3666,273.65,2114.7,1248,960,-4492.8,-2284.8
2020-03-26 09:00:00,0.3666,275.85,4229.3,480,960,-4099.2,-2659.2
2020-03-26 10:00:00,0.3666,278.65,14052.9,480,960,-3638.4,-2198.4
2020-03-26 11:00:00,0.3666,278.05,2615.5,1440,960,-3043.2,-643.2
2020-03-26 12:00:00,0.3666,278.15,4479.7,2400,960,-3168.0,192.0
2020-03-26 13:00:00,0.3666,279.15,9648.4,1440,960,-3148.8,-748.8
2020-03-26 14:00:00,0.3666,279.45,6380.2,480,960,-2937.6,-1497.6
2020-03-26 15:00:00,0.3666,278.55,2337.3,480,960,-2880.0,-1440.0
2020-03-26 16:00:00,0.3666,278.15,3511.5,1440,960,-3072.0,-672.0
2020-03-26 17:00:00,0.3666,277.15,1057.3,2784,960,-3148.8,595.2
2020-03-26 18:00:00,0.3666,276.75,0.0,2112,960,-3360.0,-288.0
2020-03-26 19:00:00,0.3666,276.25,0.0,1728,960,-3446.4,-758.4
2020-03-26 20:00:00,0.3666,275.75,0.0,960,960,-3552.0,-1632.0
2020-03-26 21:00:00,0.3666,275.25,0.0,1248,960,-3657.6,-1449.6
2020-03-26 22:00:00,0.1833,274.75,0.0,1248,960,-3763.2,-1555.2
2020-03-26 23:00:00,0.1833,274.35,0.0,1248,960,-3868.8,-1660.8
2020-03-27 00:00:00,0.1833,273.95,0.0,1248,960,-3945.6,-1737.6
2020-03-27 01:00:00,0.1833,273.65,0.0,1248,960,-4032.0,-1824.0
2020-03-27 02:00:00,0.1833,273.25,0.0,1248,960,-4099.2,-1891.2
2020-03-27 03:00:00,0.1833,272.95,0.0,1248,960,-4185.6,-1977.6
2020-03-27 04:00:00,0.1833,272.65,0.0,1248,960,-4243.2,-2035.2
2020-03-27 05:00:00,0.1833,272.25,0.0,1248,960,-4310.4,-2102.4
2020-03-27 06:00:00,0.3666,271.95,0.0,1728,960,-4387.2,-1699.2
2020-03-27 07:00:00,0.3666,272.65,361.7,2208,960,-4454.4,-1286.4
2020-03-27 08:00:00,0.3666,274.95,1892.1,1248,960,-4310.4,-2102.4
2020-03-27 09:00:00,0.3666,276.85,4006.7,480,960,-3820.8,-2380.8
2020-03-27 10:00:00,0.3666,278.45,7299.2,480,960,-3427.2,-1987.2
2020-03-27 11:00:00,0.3666,280.55,11531.9,1440,960,-3091.2,-691.2
2020-03-27 12:00:00,0.3666,282.15,13455.1,2400,960,-2649.6,710.4
2020-03-27 13:00:00,0.3666,284.05,20108.5,1440,960,-2313.6,86.3999999999996
2020-03-27 14:00:00,0.3666,285.35,22175.8,480,960,-1920.0,-480.0
2020-03-27 15:00:00,0.3666,285.65,13394.7,480,960,-1660.8,-220.8
2020-03-27 16:00:00,0.3666,284.65,7362.5,1440,960,-1622.4,777.6
2020-03-27 17:00:00,0.3666,282.95,834.7,2784,960,-1833.6,1910.4
2020-03-27 18:00:00,0.3666,282.45,0.0,2112,960,-2188.8,883.2
2020-03-27 19:00:00,0.3666,282.05,0.0,1728,960,-2284.8,403.2
2020-03-27 20:00:00,0.3666,281.55,0.0,960,960,-2352.0,-432.0
2020-03-27 21:00:00,0.3666,281.15,0.0,1248,960,-2438.4,-230.4
2020-03-27 22:00:00,0.1833,280.75,0.0,1248,960,-2524.8,-316.8
2020-03-27 23:00:00,0.1833,280.25,0.0,1248,960,-2601.6,-393.6
2020-03-28 00:00:00,0.1833,279.75,0.0,1248,960,-2707.2,-499.2
2020-03-28 01:00:00,0.1833,279.25,0.0,1248,960,-2812.8,-604.8
2020-03-28 02:00:00,0.1833,278.75,0.0,1248,960,-2918.4,-710.4
2020-03-28 03:00:00,0.1833,278.25,0.0,1248,960,-3024.0,-816.0
2020-03-28 04:00:00,0.1833,277.85,0.0,1248,960,-3129.6,-921.6
2020-03-28 05:00:00,0.1833,277.35,0.0,1248,960,-3216.0,-1008.0
2020-03-28 06:00:00,0.3666,276.85,0.0,1728,960,-3321.6,-633.6
2020-03-28 07:00:00,0.3666,277.45,333.9,2208,960,-3427.2,-259.2
2020-03-28 08:00:00,0.3666,278.65,1836.4,1248,960,-3302.4,-1094.4
2020-03-28 09:00:00,0.3666,279.35,2420.7,480,960,-3043.2,-1603.2
2020-03-28 10:00:00,0.3666,281.15,6110.5,480,960,-2899.2,-1459.2
2020-03-28 11:00:00,0.3666,283.15,10114.4,1440,960,-2524.8,-124.8
2020-03-28 12:00:00,0.3666,283.25,4145.8,2400,960,-2102.4,1257.6
2020-03-28 13:00:00,0.3666,283.95,7018.0,1440,960,-2083.2,316.8
2020-03-28 14:00:00,0.3666,283.55,3338.9,480,960,-1929.6,-489.6
2020-03-28 15:00:00,0.3666,283.45,3700.7,480,960,-2016.0,-576.0
2020-03-28 16:00:00,0.3666,282.85,1752.9,1440,960,-2035.2,364.8
2020-03-28 17:00:00,0.3666,281.95,556.5,2784,960,-2160.0,1584.0
2020-03-28 18:00:00,0.3666,281.45,0.0,2112,960,-2352.0,720.0
2020-03-28 19:00:00,0.3666,280.95,0.0,1728,960,-2457.6,230.4
2020-03-28 20:00:00,0.3666,280.45,0.0,960,960,-2563.2,-643.2
2020-03-28 21:00:00,0.3666,279.95,0.0,1248,960,-2668.8,-460.8
2020-03-28 22:00:00,0.1833,279.45,0.0,1248,960,-2774.4,-566.4
2020-03-28 23:00:00,0.1833,277.15,0.0,1248,960,-2880.0,-672.0
